{"pair_id": "11042", "titration_counter": 1, "chamber": "1", "threshold": 0.40588047190381893, "threshold_list": [0.8, 0, 0.2, 0.1, 0.4, 0.1, 0, 0.2, 0.8, 0.4, 0.2, 0.4, 0.1, 0, 0.8, 0.4, 0.2, 0.1, 0.8, 0, 0.1, 0, 0.4, 0.2, 0.8, 0.4, 0.1, 0.8, 0, 0.2, 0.4, 0.2, 0, 0.1, 0.8, 0, 0.1, 0.8, 0.2, 0.4, 0, 0.8, 0.2, 0.4, 0.1, 0.1, 0, 0.2, 0.4, 0.8, 0.8, 0, 0.4, 0.2, 0.1, 0.4, 0.1, 0.2, 0.8, 0, 0.4, 0.2, 0.8, 0, 0.1, 0.8, 0, 0.1, 0.2, 0.4, 0.8, 0.4, 0.2, 0.1, 0, 0.4, 0, 0.1, 0.2, 0.8, 0.1, 0, 0.2, 0.4, 0.8, 0.8, 0.1, 0.4, 0.2, 0, 0, 0.2, 0.8, 0.1, 0.4, 0.8, 0.4, 0.1, 0, 0.2, 0.2, 0.8, 0.1, 0.4, 0, 0, 0.4, 0.1, 0.8, 0.2, 0.2, 0, 0.8, 0.1, 0.4, 0, 0.4, 0.1, 0.2, 0.8, 0.4, 0, 0.1, 0.2, 0.8, 0.4, 0.1, 0.2, 0.8, 0, 0, 0.1, 0.8, 0.4, 0.2, 0.2, 0.1, 0.8, 0.4, 0, 0.8, 0, 0.4, 0.1, 0.2, 0.8, 0.2, 0.1, 0, 0.4, 0.1, 0.4, 0, 0.2, 0.8, 0.2, 0.1, 0.8, 0, 0.4, 0.4, 0.1, 0.2, 0, 0.8, 0.2, 0.4, 0, 0.8, 0.1, 0.8, 0, 0.1, 0.4, 0.2, 0.4, 0.1, 0.8, 0, 0.2, 0.1, 0, 0.8, 0.4, 0.2, 0.8, 0.2, 0, 0.4, 0.1, 0.1, 0.2, 0, 0.8, 0.4, 0.4, 0.2, 0, 0.8, 0.1], "responses": [1, 0, 1, 1, 0, 0, 0, 1, 1, 0, 0, 1, 0, 0, 1, 0, 1, 1, 1, 0, 1, 1, 1, 1, 1, 0, 1, 1, 1, 0, 1, 0, 0, 1, 1, 1, 1, 1, 0, 1, 0, 1, 1, 1, 0, 0, 0, 1, 1, 1, 1, 1, 1, 0, 1, 1, 0, 1, 1, 0, 1, 1, 1, 1, 1, 1, 1, 1, 1, 1, 1, 1, 1, 1, 0, 0, 0, 0, 0, 1, 1, 0, 0, 1, 1, 1, 0, 1, 1, 1, 0, 1, 1, 0, 0, 1, 1, 1, 1, 0, 1, 1, 0, 1, 1, 1, 1, 0, 1, 1, 0, 1, 1, 1, 0, 1, 1, 1, 1, 1, 1, 0, 0, 0, 1, 1, 1, 1, 1, 1, 1, 1, 1, 1, 0, 1, 0, 1, 0, 0, 1, 0, 1, 1, 1, 1, 0, 0, 0, 1, 0, 0, 1, 1, 1, 1, 1, 1, 1, 1, 1, 1, 1, 0, 1, 1, 1, 1, 1, 1, 1, 1, 0, 0, 1, 1, 1, 1, 1, 0, 1, 0, 1, 1, 0, 1, 0, 1, 0, 0, 0, 0, 1, 1, 1, 1, 0, 1, 1, 1], "method": "constants"}