{"pair_id": "1109", "titration_counter": 1, "chamber": "1", "threshold": 6.220366446715606, "threshold_list": [0.4, 0, 0.8, 0.1, 0.2, 0.8, 0.4, 0, 0.2, 0.1, 0, 0.8, 0.4, 0.1, 0.2, 0, 0.8, 0.1, 0.2, 0.4, 0.4, 0.8, 0, 0.1, 0.2, 0.1, 0.8, 0.2, 0.4, 0, 0.1, 0.2, 0.4, 0.8, 0, 0.1, 0.2, 0.8, 0, 0.4, 0.2, 0.8, 0.4, 0.1, 0, 0.4, 0.1, 0.2, 0.8, 0, 0.4, 0.8, 0.1, 0, 0.2, 0.2, 0, 0.8, 0.4, 0.1, 0.4, 0.8, 0, 0.1, 0.2, 0.1, 0.2, 0.4, 0.8, 0, 0.4, 0.1, 0, 0.8, 0.2, 0.2, 0, 0.8, 0.1, 0.4, 0.2, 0.4, 0.8, 0, 0.1, 0.8, 0.4, 0, 0.1, 0.2, 0, 0.2, 0.8, 0.1, 0.4, 0, 0.4, 0.8, 0.1, 0.2], "responses": [0, 1, 0, 1, 0, 0, 0, 1, 0, 1, 1, 0, 0, 0, 0, 1, 0, 0, 0, 0, 0, 0, 0, 0, 0, 0, 0, 1, 0, 0, 1, 0, 0, 0, 0, 0, 0, 0, 1, 0, 0, 0, 0, 0, 0, 0, 1, 0, 0, 0, 0, 0, 1, 1, 0, 0, 1, 0, 0, 0, 0, 0, 1, 0, 0, 1, 0, 0, 0, 0, 0, 0, 0, 0, 0, 0, 0, 0, 0, 0, 0, 0, 0, 0, 1, 0, 0, 1, 0, 0, 1, 0, 0, 0, 0, 1, 0, 0, 0, 0], "method": "constants"}