﻿block,trial,s1_state,direction,response,rt,pair,
0,0,True,right,right,0.8957719802856445,268006,
0,1,True,right,right,0.9179730415344238,268006,
0,2,False,left,right,0.3011960983276367,268006,
0,3,True,left,left,0.6977748870849609,268006,
1,0,False,right,right,0.518409013748169,268006,
1,1,True,left,left,0.6803631782531738,268006,
1,2,False,left,right,0.2890338897705078,268006,
1,3,True,right,left,0.7644970417022705,268006,
2,0,False,right,right,0.4624600410461426,268006,
2,1,False,right,right,0.5364980697631836,268006,
2,2,False,left,right,0.3495810031890869,268006,
2,3,True,left,right,1.280466079711914,268006,
3,0,True,right,right,0.8767480850219727,268006,
3,1,True,left,right,0.6593849658966064,268006,
3,2,False,right,right,0.3997180461883545,268006,
3,3,False,left,right,0.414478063583374,268006,
4,0,False,right,right,0.3840038776397705,268006,
4,1,False,right,right,0.3065328598022461,268006,
4,2,True,left,left,0.6411240100860596,268006,
4,3,False,left,right,0.6390790939331055,268006,
