﻿block,trial,s1_state,direction,response,rt,pair,
0,0,False,left,left,1.0033791065216064,119119,
0,1,False,right,right,0.5838799476623535,119119,
0,2,False,left,left,0.6285398006439209,119119,
0,3,True,right,right,0.786531925201416,119119,
1,0,True,left,right,3.6920719146728516,119119,
1,1,False,left,left,0.9511730670928955,119119,
1,2,False,right,right,1.0045559406280518,119119,
1,3,False,right,right,1.0687329769134521,119119,
2,0,True,left,left,0.7692480087280273,119119,
2,1,False,left,left,0.9154930114746094,119119,
2,2,True,right,left,0.7908828258514404,119119,
2,3,False,right,right,0.7489619255065918,119119,
3,0,True,right,right,1.0266361236572266,119119,
3,1,True,left,right,0.9184930324554443,119119,
3,2,False,right,right,0.8540019989013672,119119,
3,3,True,left,right,1.1576340198516846,119119,
4,0,False,left,left,1.0891962051391602,119119,
4,1,True,left,right,0.9762041568756104,119119,
4,2,True,right,left,0.938601016998291,119119,
4,3,False,right,left,0.7970268726348877,119119,
5,0,True,right,right,1.5998039245605469,119119,
5,1,True,left,right,0.5581779479980469,119119,
5,2,False,left,left,0.4984309673309326,119119,
5,3,False,right,left,0.6726868152618408,119119,
