﻿block,trial,s1_state,direction,response,rt,pair,
0,0,False,right,right,1.6793529987335205,268006,
0,1,False,right,right,2.150444984436035,268006,
0,2,False,left,right,0.5915310382843018,268006,
0,3,True,left,left,1.2311468124389648,268006,
1,0,True,right,right,0.8391709327697754,268006,
1,1,True,right,left,1.116096019744873,268006,
1,2,False,left,right,0.40320801734924316,268006,
1,3,False,left,right,0.4014589786529541,268006,
2,0,False,left,right,1.2189738750457764,268006,
2,1,True,left,right,0.5911989212036133,268006,
2,2,True,right,right,0.5795650482177734,268006,
2,3,False,right,right,0.545241117477417,268006,
3,0,True,left,left,1.396237850189209,268006,
3,1,True,right,right,1.2223091125488281,268006,
3,2,True,left,left,0.7169878482818604,268006,
3,3,False,right,right,0.324815034866333,268006,
4,0,True,left,left,0.551522970199585,268006,
4,1,True,right,left,0.6753709316253662,268006,
4,2,True,right,left,0.7140388488769531,268006,
4,3,False,left,right,0.38428401947021484,268006,
5,0,True,right,right,0.7837109565734863,268006,
5,1,True,right,right,0.5484650135040283,268006,
5,2,True,left,left,0.5978739261627197,268006,
5,3,True,left,left,0.9815411567687988,268006,
6,0,False,left,right,0.7285342216491699,268006,
6,1,False,left,right,0.6045811176300049,268006,
6,2,False,right,right,0.3896150588989258,268006,
6,3,True,right,right,0.7845640182495117,268006,
7,0,False,right,right,0.8056399822235107,268006,
7,1,False,left,right,0.3916659355163574,268006,
7,2,False,right,right,0.4409759044647217,268006,
7,3,False,left,right,0.641740083694458,268006,
8,0,False,right,right,0.9369790554046631,268006,
8,1,True,left,left,0.9319589138031006,268006,
8,2,False,left,right,0.28244590759277344,268006,
8,3,True,right,right,1.5125250816345215,268006,
9,0,True,right,right,1.528526782989502,268006,
9,1,True,right,right,1.1021230220794678,268006,
9,2,False,left,right,0.4122810363769531,268006,
9,3,True,left,right,0.8053550720214844,268006,
