﻿condition,.thisRepN,.thisTrialN,.thisN,.thisIndex,block,trial,s1_state,response,rt,pair,
noise,0,-1,-1,0,1,0,True,no,2.207737922668457,99,
noise,0,-1,-1,0,1,1,True,no,0.7358639240264893,99,
signal,0,-1,-1,0,1,2,True,yes,0.6863031387329102,99,
noise,0,-1,-1,0,1,3,True,no,0.7133550643920898,99,
noise,0,-1,-1,0,1,4,False,noresponse,None,99,
noise,0,-1,-1,0,1,5,False,noresponse,None,99,
noise,0,-1,-1,0,1,6,False,noresponse,None,99,
signal,0,-1,-1,0,1,7,True,yes,0.6987228393554688,99,
noise,0,-1,-1,0,1,8,True,no,1.192633867263794,99,
noise,0,-1,-1,0,1,9,True,no,0.968559980392456,99,
signal,0,-1,-1,0,1,10,False,noresponse,None,99,
signal,0,-1,-1,0,1,11,False,noresponse,None,99,
signal,0,-1,-1,0,1,12,False,noresponse,None,99,
noise,0,-1,-1,0,1,13,False,noresponse,None,99,
signal,0,-1,-1,0,1,14,True,yes,1.5828731060028076,99,
signal,0,-1,-1,0,1,15,False,noresponse,None,99,
noise,0,-1,-1,0,1,16,False,noresponse,None,99,
signal,0,-1,-1,0,1,17,True,no,0.9954969882965088,99,
signal,0,-1,-1,0,1,18,True,yes,0.9679670333862305,99,
noise,0,-1,-1,0,1,19,False,noresponse,None,99,
noise,0,-1,-1,0,1,20,False,noresponse,None,99,
signal,0,-1,-1,0,1,21,True,yes,0.8255751132965088,99,
signal,0,-1,-1,0,1,22,False,noresponse,None,99,
noise,0,-1,-1,0,1,23,False,noresponse,None,99,
noise,0,-1,-1,0,1,24,False,noresponse,None,99,
noise,0,-1,-1,0,1,25,False,noresponse,None,99,
noise,0,-1,-1,0,1,26,True,no,0.8429338932037354,99,
noise,0,-1,-1,0,1,27,False,noresponse,None,99,
noise,0,-1,-1,0,1,28,True,no,0.5604751110076904,99,
signal,0,-1,-1,0,1,29,True,yes,1.2703630924224854,99,
signal,0,-1,-1,0,1,30,False,noresponse,None,99,
noise,0,-1,-1,0,1,31,True,no,1.0686898231506348,99,
signal,0,-1,-1,0,1,32,False,noresponse,None,99,
noise,0,-1,-1,0,1,33,True,no,1.0875520706176758,99,
noise,0,-1,-1,0,1,34,True,no,0.8906681537628174,99,
signal,0,-1,-1,0,1,35,False,noresponse,None,99,
signal,0,-1,-1,0,1,36,False,noresponse,None,99,
signal,0,-1,-1,0,1,37,True,yes,0.944580078125,99,
noise,0,-1,-1,0,1,38,True,no,0.8009340763092041,99,
signal,0,-1,-1,0,1,39,True,yes,1.3273229598999023,99,
signal,0,-1,-1,0,1,40,False,noresponse,None,99,
signal,0,-1,-1,0,1,41,True,yes,0.7035849094390869,99,
signal,0,-1,-1,0,1,42,False,noresponse,None,99,
signal,0,-1,-1,0,1,43,True,no,0.6845061779022217,99,
signal,0,-1,-1,0,1,44,True,no,1.6086318492889404,99,
noise,0,-1,-1,0,1,45,False,noresponse,None,99,
signal,0,-1,-1,0,1,46,False,noresponse,None,99,
noise,0,-1,-1,0,1,47,True,no,1.9900639057159424,99,
signal,0,-1,-1,0,1,48,False,noresponse,None,99,
noise,0,-1,-1,0,1,49,False,noresponse,None,99,
noise,0,-1,-1,0,1,50,True,no,0.7918429374694824,99,
noise,0,-1,-1,0,1,51,True,no,0.9218699932098389,99,
noise,0,-1,-1,0,1,52,False,noresponse,None,99,
signal,0,-1,-1,0,1,53,True,yes,0.8424639701843262,99,
signal,0,-1,-1,0,1,54,True,yes,0.8113970756530762,99,
signal,0,-1,-1,0,1,55,False,noresponse,None,99,
signal,0,-1,-1,0,1,56,False,noresponse,None,99,
noise,0,-1,-1,0,1,57,True,no,1.3107008934020996,99,
noise,0,-1,-1,0,1,58,False,noresponse,None,99,
signal,0,-1,-1,0,1,59,False,noresponse,None,99,
signal,0,-1,-1,0,1,60,True,no,0.883681058883667,99,
noise,0,-1,-1,0,1,61,True,no,0.8483870029449463,99,
noise,0,-1,-1,0,1,62,False,noresponse,None,99,
signal,0,-1,-1,0,1,63,True,no,0.4835679531097412,99,
signal,0,-1,-1,0,1,64,True,yes,0.9594659805297852,99,
noise,0,-1,-1,0,1,65,True,no,1.341675043106079,99,
signal,0,-1,-1,0,1,66,False,noresponse,None,99,
noise,0,-1,-1,0,1,67,True,no,1.591839075088501,99,
,,,,,1,68,True,,,,
