﻿condition,.thisRepN,.thisTrialN,.thisN,.thisIndex,block,trial,s1_state,response,rt,pair,
noise,0,-1,-1,0,1,0,True,noresponse,None,13,
noise,0,-1,-1,0,1,1,True,noresponse,None,13,
signal,0,-1,-1,0,1,2,False,noresponse,None,13,
noise,0,-1,-1,0,1,3,True,noresponse,None,13,
noise,0,-1,-1,0,1,4,True,noresponse,None,13,
noise,0,-1,-1,0,1,5,False,noresponse,None,13,
noise,0,-1,-1,0,1,6,True,noresponse,None,13,
noise,0,-1,-1,0,1,7,True,noresponse,None,13,
signal,0,-1,-1,0,1,8,True,noresponse,None,13,
noise,0,-1,-1,0,1,9,True,noresponse,None,13,
signal,0,-1,-1,0,1,10,False,noresponse,None,13,
signal,0,-1,-1,0,1,11,True,noresponse,None,13,
signal,0,-1,-1,0,1,12,True,noresponse,None,13,
signal,0,-1,-1,0,1,13,True,noresponse,None,13,
,,,,,1,14,True,,,,
