﻿condition,.thisRepN,.thisTrialN,.thisN,.thisIndex,block,trial,response,pair,threshold,
signal,0,-1,-1,0,1,0,2,96,0.1,
signal,0,-1,-1,0,1,1,2,96,0.1,
noise,0,-1,-1,0,1,2,noresponse,96,0.1,
noise,0,-1,-1,0,1,3,noresponse,96,0.1,
noise,0,-1,-1,0,1,4,2,96,0.1,
noise,0,-1,-1,0,1,5,noresponse,96,0.1,
signal,0,-1,-1,0,1,6,noresponse,96,0.1,
signal,0,-1,-1,0,1,7,2,96,0.1,
signal,0,-1,-1,0,1,8,2,96,0.1,
noise,0,-1,-1,0,1,9,2,96,0.1,
signal,0,0,0,0,2,0,2,96,0.1,
signal,0,1,1,8,2,1,noresponse,96,0.1,
noise,0,2,2,9,2,2,noresponse,96,0.1,
signal,0,3,3,4,2,3,noresponse,96,0.1,
noise,0,4,4,7,2,4,noresponse,96,0.1,
noise,0,5,5,5,2,5,noresponse,96,0.1,
noise,0,6,6,3,2,6,noresponse,96,0.1,
signal,0,7,7,6,2,7,noresponse,96,0.1,
noise,0,8,8,1,2,8,1,96,0.1,
signal,0,9,9,2,2,9,noresponse,96,0.1,
