﻿condition,.thisRepN,.thisTrialN,.thisN,.thisIndex,block,trial,s1_state,response,rt,pair,
noise,0,-1,-1,0,1,0,False,noresponse,None,99,
signal,0,-1,-1,0,1,1,False,noresponse,None,99,
noise,0,-1,-1,0,1,2,True,no,0.9534780979156494,99,
signal,0,-1,-1,0,1,3,True,yes,1.0925278663635254,99,
noise,0,-1,-1,0,1,4,False,noresponse,None,99,
signal,0,-1,-1,0,1,5,False,noresponse,None,99,
noise,0,-1,-1,0,1,6,False,noresponse,None,99,
noise,0,-1,-1,0,1,7,True,no,1.1431059837341309,99,
noise,0,-1,-1,0,1,8,True,no,0.7312989234924316,99,
signal,0,-1,-1,0,1,9,True,yes,0.7711138725280762,99,
noise,0,-1,-1,0,1,10,True,no,1.147040843963623,99,
signal,0,-1,-1,0,1,11,True,yes,1.579291820526123,99,
signal,0,-1,-1,0,1,12,True,yes,1.1185600757598877,99,
signal,0,-1,-1,0,1,13,True,yes,0.8614928722381592,99,
signal,0,-1,-1,0,1,14,True,yes,0.8024659156799316,99,
noise,0,-1,-1,0,1,15,False,noresponse,None,99,
signal,0,-1,-1,0,1,16,False,noresponse,None,99,
signal,0,-1,-1,0,1,17,True,no,2.084517002105713,99,
noise,0,-1,-1,0,1,18,True,no,1.1516499519348145,99,
noise,0,-1,-1,0,1,19,True,no,0.7641010284423828,99,
signal,0,-1,-1,0,1,20,True,yes,0.7714290618896484,99,
noise,0,-1,-1,0,1,21,True,no,0.7873258590698242,99,
noise,0,-1,-1,0,1,22,True,no,0.7656009197235107,99,
signal,0,-1,-1,0,1,23,True,yes,0.6608669757843018,99,
signal,0,-1,-1,0,1,24,True,yes,0.6667850017547607,99,
noise,0,-1,-1,0,1,25,True,noresponse,None,99,
noise,0,-1,-1,0,1,26,False,noresponse,None,99,
noise,0,-1,-1,0,1,27,True,no,0.7055919170379639,99,
signal,0,-1,-1,0,1,28,True,no,0.5066699981689453,99,
noise,0,-1,-1,0,1,29,True,no,0.683833122253418,99,
noise,0,-1,-1,0,1,30,False,noresponse,None,99,
signal,0,-1,-1,0,1,31,False,noresponse,None,99,
noise,0,-1,-1,0,1,32,True,no,0.6585988998413086,99,
signal,0,-1,-1,0,1,33,True,yes,0.8889479637145996,99,
noise,0,-1,-1,0,1,34,True,no,0.662207841873169,99,
noise,0,-1,-1,0,1,35,False,noresponse,None,99,
noise,0,-1,-1,0,1,36,True,no,0.7046008110046387,99,
signal,0,-1,-1,0,1,37,True,yes,0.7215099334716797,99,
noise,0,-1,-1,0,1,38,True,no,0.6946079730987549,99,
noise,0,-1,-1,0,1,39,True,no,0.687978982925415,99,
noise,0,-1,-1,0,1,40,True,no,0.6882729530334473,99,
noise,0,-1,-1,0,1,41,False,noresponse,None,99,
signal,0,-1,-1,0,1,42,False,noresponse,None,99,
signal,0,-1,-1,0,1,43,True,yes,1.0210981369018555,99,
signal,0,-1,-1,0,1,44,False,noresponse,None,99,
signal,0,-1,-1,0,1,45,False,noresponse,None,99,
signal,0,-1,-1,0,1,46,True,noresponse,None,99,
signal,0,-1,-1,0,1,47,True,yes,0.9387118816375732,99,
signal,0,-1,-1,0,1,48,False,noresponse,None,99,
signal,0,-1,-1,0,1,49,False,noresponse,None,99,
noise,0,-1,-1,0,1,50,False,noresponse,None,99,
noise,0,-1,-1,0,1,51,True,no,0.9566311836242676,99,
signal,0,-1,-1,0,1,52,True,yes,0.6934928894042969,99,
signal,0,-1,-1,0,1,53,False,noresponse,None,99,
signal,0,-1,-1,0,1,54,True,yes,0.9580059051513672,99,
signal,0,-1,-1,0,1,55,True,yes,1.225403070449829,99,
noise,0,-1,-1,0,1,56,False,noresponse,None,99,
signal,0,-1,-1,0,1,57,True,yes,1.720228910446167,99,
noise,0,-1,-1,0,1,58,True,no,1.524935007095337,99,
noise,0,-1,-1,0,1,59,False,noresponse,None,99,
signal,0,-1,-1,0,1,60,True,yes,1.456873893737793,99,
signal,0,-1,-1,0,1,61,False,noresponse,None,99,
noise,0,-1,-1,0,1,62,False,noresponse,None,99,
signal,0,-1,-1,0,1,63,True,yes,0.7569129467010498,99,
noise,0,-1,-1,0,1,64,False,noresponse,None,99,
noise,0,-1,-1,0,1,65,False,noresponse,None,99,
signal,0,-1,-1,0,1,66,True,yes,0.6178719997406006,99,
signal,0,-1,-1,0,1,67,True,no,1.5579748153686523,99,
noise,0,-1,-1,0,1,68,True,no,0.9785919189453125,99,
noise,0,-1,-1,0,1,69,False,noresponse,None,99,
noise,0,-1,-1,0,1,70,True,no,1.186995029449463,99,
signal,0,-1,-1,0,1,71,True,yes,0.7627310752868652,99,
noise,0,-1,-1,0,1,72,False,noresponse,None,99,
noise,0,-1,-1,0,1,73,True,no,1.5345048904418945,99,
signal,0,-1,-1,0,1,74,True,yes,1.0811150074005127,99,
,,,,,1,75,True,,,,
