﻿condition,.thisRepN,.thisTrialN,.thisN,.thisIndex,block,trial,s1_state,response,rt,pair,
noise,0,-1,-1,0,1,0,True,noresponse,None,13,
noise,0,-1,-1,0,1,1,False,noresponse,None,13,
noise,0,-1,-1,0,1,2,False,noresponse,None,13,
noise,0,-1,-1,0,1,3,False,noresponse,None,13,
noise,0,-1,-1,0,1,4,False,noresponse,None,13,
noise,0,-1,-1,0,1,5,True,noresponse,None,13,
noise,0,-1,-1,0,1,6,True,noresponse,None,13,
noise,0,-1,-1,0,1,7,False,noresponse,None,13,
signal,0,-1,-1,0,1,8,True,noresponse,None,13,
noise,0,-1,-1,0,1,9,False,noresponse,None,13,
signal,0,-1,-1,0,1,10,False,yes,0.16449522972106934,13,
signal,0,-1,-1,0,1,11,False,noresponse,None,13,
signal,0,-1,-1,0,1,12,False,yes,0.14688396453857422,13,
noise,0,-1,-1,0,1,13,False,noresponse,None,13,
noise,0,-1,-1,0,1,14,False,noresponse,None,13,
signal,0,-1,-1,0,1,15,False,noresponse,None,13,
noise,0,-1,-1,0,1,16,True,noresponse,None,13,
noise,0,-1,-1,0,1,17,False,noresponse,None,13,
noise,0,-1,-1,0,1,18,True,noresponse,None,13,
signal,0,-1,-1,0,1,19,True,noresponse,None,13,
noise,0,-1,-1,0,1,20,False,noresponse,None,13,
,,,,,1,21,True,,,,
