﻿condition,.thisRepN,.thisTrialN,.thisN,.thisIndex,block,trial,s1_state,response,rt,pair,
noise,0,-1,-1,0,1,0,True,yes,1.5399460792541504,1,
noise,0,-1,-1,0,1,1,False,noresponse,None,1,
noise,0,-1,-1,0,1,2,True,yes,0.9955229759216309,1,
signal,0,-1,-1,0,1,3,False,noresponse,None,1,
noise,0,-1,-1,0,1,4,False,noresponse,None,1,
signal,0,-1,-1,0,1,5,False,noresponse,None,1,
signal,0,-1,-1,0,1,6,True,yes,1.4714980125427246,1,
signal,0,-1,-1,0,1,7,True,no,1.2840549945831299,1,
signal,0,-1,-1,0,1,8,True,no,0.8049249649047852,1,
noise,0,-1,-1,0,1,9,True,noresponse,None,1,
signal,0,-1,-1,0,1,10,True,yes,0.949193000793457,1,
noise,0,-1,-1,0,1,11,True,no,1.3630528450012207,1,
noise,0,-1,-1,0,1,12,False,noresponse,None,1,
signal,0,-1,-1,0,1,13,False,noresponse,None,1,
signal,0,-1,-1,0,1,14,False,noresponse,None,1,
signal,0,-1,-1,0,1,15,True,noresponse,None,1,
noise,0,-1,-1,0,1,16,True,noresponse,None,1,
noise,0,-1,-1,0,1,17,False,noresponse,None,1,
signal,0,-1,-1,0,1,18,False,noresponse,None,1,
,,,,,1,19,True,,,,
