{"pair_id": "1104", "titration_counter": 1, "chamber": "1", "threshold": 0.12783681160109842, "threshold_list": [0.1, 0.8, 0.4, 0, 0.2, 0.4, 0.1, 0.2, 0.8, 0, 0.8, 0.2, 0, 0.4, 0.1, 0.2, 0.1, 0.8, 0.4, 0, 0.4, 0, 0.2, 0.1, 0.8, 0.4, 0, 0.8, 0.2, 0.1, 0.2, 0.8, 0, 0.4, 0.1, 0, 0.1, 0.8, 0.2, 0.4, 0.4, 0.8, 0.1, 0.2, 0, 0.8, 0.2, 0.4, 0.1, 0, 0.1, 0.8, 0, 0.2, 0.4, 0.2, 0, 0.4, 0.8, 0.1, 0.1, 0.8, 0.2, 0, 0.4, 0.4, 0, 0.1, 0.8, 0.2, 0.8, 0.2, 0, 0.1, 0.4, 0, 0.8, 0.2, 0.4, 0.1, 0.1, 0.4, 0.2, 0.8, 0, 0.8, 0, 0.2, 0.1, 0.4, 0.4, 0.8, 0.1, 0, 0.2, 0.8, 0, 0.1, 0.2, 0.4, 0, 0.8, 0.1, 0.2, 0.4, 0.4, 0.8, 0.2, 0, 0.1, 0.4, 0.1, 0, 0.2, 0.8, 0.1, 0, 0.4, 0.2, 0.8, 0.1, 0, 0.8, 0.2, 0.4, 0.2, 0.4, 0.1, 0, 0.8, 0, 0.4, 0.8, 0.2, 0.1, 0.2, 0.8, 0.4, 0.1, 0, 0.1, 0.4, 0.2, 0.8, 0, 0.8, 0.1, 0.4, 0, 0.2, 0.2, 0, 0.8, 0.1, 0.4, 0.4, 0.8, 0.1, 0, 0.2, 0, 0.4, 0.1, 0.2, 0.8, 0.1, 0.4, 0, 0.8, 0.2, 0.8, 0.4, 0, 0.1, 0.2, 0, 0.2, 0.1, 0.4, 0.8, 0.8, 0.4, 0.1, 0.2, 0, 0.1, 0.2, 0.4, 0.8, 0, 0.1, 0, 0.2, 0.4, 0.8, 0, 0.2, 0.1, 0.8, 0.4], "responses": [1, 1, 0, 0, 1, 1, 1, 1, 1, 1, 1, 1, 0, 1, 1, 1, 1, 1, 1, 0, 1, 0, 1, 1, 1, 1, 1, 1, 0, 0, 1, 1, 0, 1, 1, 0, 1, 1, 1, 1, 0, 1, 1, 1, 1, 1, 1, 1, 0, 0, 1, 1, 1, 1, 1, 0, 0, 1, 1, 1, 0, 1, 0, 1, 1, 1, 0, 1, 1, 1, 1, 0, 1, 0, 1, 0, 1, 1, 1, 1, 1, 1, 1, 1, 1, 1, 1, 1, 1, 0, 1, 1, 1, 1, 1, 1, 0, 1, 1, 1, 0, 1, 1, 1, 1, 1, 0, 1, 1, 0, 1, 1, 1, 1, 1, 0, 1, 1, 0, 1, 1, 1, 1, 1, 1, 0, 1, 1, 1, 1, 1, 1, 1, 1, 1, 1, 1, 1, 0, 0, 1, 1, 1, 1, 1, 1, 1, 1, 1, 1, 1, 0, 1, 1, 1, 1, 1, 0, 0, 1, 0, 1, 0, 0, 1, 1, 1, 0, 1, 0, 1, 1, 1, 1, 1, 0, 1, 0, 1, 1, 1, 1, 1, 1, 1, 0, 1, 1, 1, 0, 1, 0, 1, 1, 1, 1, 1, 1, 1, 1], "method": "constants"}