{"pair_id": 11045, "titration_counter": 1, "chamber": "1", "threshold": 0.0999993898897523, "threshold_list": [0, 0.1, 0.8, 0.2, 0.4, 0.8, 0.1, 0.4, 0, 0.2, 0.4, 0.2, 0, 0.8, 0.1, 0.8, 0.1, 0.4, 0, 0.2, 0.4, 0, 0.2, 0.8, 0.1, 0, 0.1, 0.4, 0.2, 0.8, 0.4, 0.8, 0, 0.2, 0.1, 0.1, 0, 0.8, 0.4, 0.2, 0.8, 0, 0.2, 0.1, 0.4, 0.4, 0.8, 0.2, 0, 0.1, 0.8, 0, 0.1, 0.4, 0.2, 0, 0.4, 0.1, 0.2, 0.8, 0.8, 0, 0.2, 0.4, 0.1, 0.2, 0.1, 0.8, 0, 0.4, 0, 0.8, 0.1, 0.2, 0.4, 0.1, 0, 0.4, 0.2, 0.8, 0.4, 0, 0.1, 0.2, 0.8, 0.1, 0.2, 0.4, 0.8, 0, 0.8, 0.2, 0.4, 0.1, 0, 0.4, 0.1, 0.2, 0.8, 0, 0.8, 0.4, 0.2, 0.1, 0, 0.2, 0.8, 0, 0.4, 0.1, 0.2, 0.8, 0, 0.4, 0.1, 0.2, 0, 0.8, 0.1, 0.4, 0.2, 0.1, 0.8, 0, 0.4, 0.4, 0.1, 0.2, 0, 0.8, 0.4, 0.2, 0, 0.1, 0.8, 0.1, 0, 0.4, 0.8, 0.2, 0.4, 0.1, 0.8, 0, 0.2, 0.8, 0.4, 0.1, 0, 0.2, 0.4, 0, 0.1, 0.8, 0.2, 0.2, 0.1, 0, 0.8, 0.4, 0.2, 0.4, 0, 0.8, 0.1, 0.4, 0.2, 0.8, 0.1, 0, 0.2, 0.4, 0.8, 0.1, 0, 0, 0.4, 0.8, 0.1, 0.2, 0.4, 0.2, 0.1, 0, 0.8, 0, 0.2, 0.4, 0.8, 0.1, 0.2, 0.8, 0.4, 0, 0.1, 0.8, 0.4, 0.2, 0, 0.1], "responses": [0, 1, 1, 1, 1, 1, 0, 1, 0, 1, 1, 1, 1, 1, 1, 1, 1, 1, 1, 1, 1, 0, 1, 1, 1, 0, 1, 1, 1, 1, 1, 1, 1, 1, 1, 0, 1, 1, 1, 1, 1, 0, 1, 0, 1, 1, 1, 1, 0, 1, 1, 1, 1, 1, 1, 1, 1, 1, 1, 1, 1, 1, 1, 1, 1, 1, 1, 1, 0, 1, 1, 1, 0, 1, 1, 1, 1, 1, 1, 1, 1, 1, 1, 1, 1, 1, 1, 1, 1, 1, 1, 1, 1, 1, 0, 1, 1, 1, 1, 1, 1, 1, 1, 1, 1, 1, 1, 0, 1, 1, 1, 1, 1, 1, 1, 1, 1, 1, 1, 1, 1, 1, 1, 1, 1, 1, 0, 1, 1, 1, 1, 1, 0, 1, 1, 1, 1, 1, 1, 1, 1, 1, 1, 1, 1, 1, 1, 1, 0, 1, 1, 0, 1, 1, 1, 0, 1, 0, 1, 1, 1, 0, 1, 1, 0, 1, 1, 1, 0, 1, 1, 1, 1, 1, 0, 0, 1, 1, 1, 1, 1, 1, 0, 1, 1, 0, 1, 1, 1, 0, 1, 1, 1, 1, 1, 1, 1, 1, 1, 0], "method": "constants"}